ip,anonymityLevel,asn,country,isp,latency,org,port,protocols,responseTime,speed,updated_at,upTime,upTimeSuccessCount,upTimeTryCount
"187.19.127.253","elite","AS53160","BR","Unidasnet Comunicacoes Ltda","198","Unidasnet Comunicacoes Ltda","4153","socks4","4293","2","2023-11-14T00:18:39.005Z","99","4762","4788"
"85.25.93.172","elite","AS8972","FR","Host Europe GmbH","13","HE Mass","5566","socks4","4595","1","2023-11-14T00:18:39.004Z","98","4634","4708"
"178.212.55.57","elite","AS197025","PL","Lubuskie Sieci Swiatlowodowe Sp. z o. o.","72","Lubuskie Sieci Swiatlowodowe Sp. z o. o","1080","socks4","2203","1","2023-11-14T00:18:28.805Z","97","4679","4810"
"139.59.6.54","elite","AS14061","IN","DIGITALOCEAN","131","DigitalOcean, LLC","54571","socks5","5102","1","2023-11-14T00:18:28.714Z","95","4522","4765"
"103.105.41.209","elite","AS137143","IN","Minnal Digital Network Private Limited","199","Minnal Digital Network Private Limited","4145","socks4","5192","2","2023-11-14T00:18:28.711Z","100","4759","4774"
"106.75.189.147","elite","AS136958","CN","UCLOUD","287","Shanghai UCloud Information Technology Company Limited","999","socks5","4484","1","2023-11-14T00:18:18.206Z","83","3870","4669"
"103.47.93.237","elite","AS134058","IN","Broban Internet Services Pvt.ltd","182","Broban  PVT Ltd.","1080","socks4","5000","1","2023-11-14T00:18:18.208Z","99","4777","4812"
"103.47.253.58","elite","AS133918","MY","Suria Data Centre Sdn. Bhd.","180","Suria Data Centre Sdn. Bhd","50550","socks5","4015","1","2023-11-14T00:18:18.207Z","100","4816","4825"
"194.116.72.46","elite","AS41364","IT","Consorzio TOP IX - Torino E Piemonte Exchange Point CC","14","Consorzio Topix - Torino e Piemonte Exchange Point","7497","socks5","1192","1","2023-11-14T00:18:18.207Z","100","4756","4757"
"42.194.203.23","elite","AS45090","CN","Shenzhen Tencent Computer Systems Company Limited","210","Tencent cloud computing (Beijing) Co., Ltd.","1080","socks5","5091","1","2023-11-14T00:18:18.204Z","83","3868","4682"
"89.43.5.134","elite","AS50810","IR","Mobin Net Communication Company (Private Joint Stock)","133","Mobin Net Communication Company","3629","socks4","3095","1","2023-11-14T00:18:18.207Z","94","4549","4819"
"103.127.29.105","elite","AS134926","IN","Micro Hosting Private Limited","162","MicroHost","7497","socks5","5088","1","2023-11-14T00:18:07.408Z","88","4215","4788"
"45.125.222.97","elite","AS63526","BD","Carnival Internet","196","N/A","47239","socks4","5093","2","2023-11-14T00:18:07.409Z","99","4642","4669"
"116.58.232.80","elite","AS131090","TH","CAT-BB","241","N/A","8080","socks5","4905","2","2023-11-14T00:18:07.410Z","60","2835","4758"
"183.89.180.128","elite","AS45629","TH","Triple T Broadband Public Company Limited","168","Triple T Broadband Public Company Limited","8080","socks4","4500","1","2023-11-14T00:18:07.411Z","94","4314","4594"
"200.97.76.186","elite","AS7738","BR","V tal","295","V tal","8080","socks5","4700","1","2023-11-14T00:18:07.409Z","97","4594","4754"
"104.16.207.86","elite","AS13335","CA","Cloudflare, Inc.","3","Cloudflare, Inc.","80","socks5","5011","1","2023-11-14T00:18:07.411Z","100","4758","4758"
"95.0.206.217","elite","AS9121","TR","Turk Telekomunikasyon Anonim Sirketi","87","Hatnet Telekomunikasyon Hizmetleri","1080","socks4","4702","2","2023-11-14T00:18:07.412Z","75","3593","4799"
"202.159.35.201","elite","AS9340","ID","PT IndoInternet","195","N/A","443","socks4","4492","1","2023-11-14T00:18:07.407Z","99","4706","4741"
"149.20.253.66","elite","AS18615","US","Mainstream Fiber Networks, LLC","101","Mainstream Fiber Networks, LLC","12551","socks4","3688","2","2023-11-14T00:17:56.903Z","100","4703","4712"
"195.201.19.84","elite","AS24940","DE","Hetzner Online GmbH","80","Hetzner","443","socks4","198","1","2023-11-14T00:17:56.812Z","100","4639","4662"
"177.73.248.26","elite","AS262558","BR","Prompt Brasil Solucoes EM TI Ltda","195","Prompt Brasil Solucoes EM TI Ltda","55290","socks4","804","1","2023-11-14T00:17:56.811Z","62","2890","4660"
"36.66.16.23","elite","AS7713","ID","PT. Telekomunikasi Indonesia","194","N/A","5678","socks4","5015","1","2023-11-14T00:17:56.809Z","9","443","4791"
"103.140.75.11","elite","AS138891","ID","PT Kayong Muara Teknoindo","198","N/A","5678","socks4","4504","1","2023-11-14T00:17:56.809Z","97","4591","4718"
"103.47.93.207","elite","AS134058","IN","Broban Internet Services Pvt.ltd","198","Broban  PVT Ltd.","1080","socks4","2690","1","2023-11-14T00:17:45.098Z","99","4634","4676"
"190.239.23.33","elite","AS6147","PE","Telefonica del Peru","186","PE-TDPERX5-LACNIC","5678","socks4","4892","2","2023-11-14T00:17:45.101Z","97","4539","4659"
"187.122.105.181","elite","AS28573","BR","Claro NXT Telecomunicacoes Ltda","285","Claro NXT Telecomunicacoes Ltda","4153","socks4","4705","1","2023-11-14T00:17:45.102Z","97","4691","4837"
"43.128.40.142","elite","AS132203","HK","Aceville Pte.ltd","284","N/A","65533","socks5","4700","1","2023-11-14T00:17:45.099Z","100","4669","4682"
"23.94.47.24","elite","AS36352","US","ColoCrossing","102","RackNerd LLC","32129","socks4","1294","1","2023-11-14T00:17:45.100Z","95","4367","4618"
"101.108.12.69","elite","AS23969","TH","TOT Public Company Limited","154","TOT Public Company Limited","4145","socks4","5005","1","2023-11-14T00:17:45.017Z","57","2708","4754"
"139.162.196.67","elite","AS63949","GB","LINODE-UK","9","Linode, LLC","60586","socks5","5088","1","2023-11-14T00:17:45.202Z","79","3721","4728"
"171.232.74.46","elite","AS7552","VN","Viettel Corporation","286","VIETEL","4005","socks4","2693","1","2023-11-14T00:17:45.017Z","92","4357","4711"
"23.225.129.130","elite","AS132839","US","POWER LINE (HK) CO., LIMITED","195","CloudRadium L.L.C","39877","socks5","1599","1","2023-11-14T00:17:34.399Z","99","4689","4751"
"103.35.111.101","elite","AS23991","BD","Ranks ITT","194","Ranks ITT Ltd.","4145","socks4","3388","1","2023-11-14T00:17:34.317Z","100","4706","4726"
"45.112.125.53","elite","AS58369","ID","FIBERNET","196","N/A","4145","socks4","4892","1","2023-11-14T00:17:34.398Z","99","4637","4686"
"185.108.164.176","elite","AS56503","IR","PJSC \"Badr Rayan Jonoob\"","151","BadrRayan BornaRayan","58154","socks4","692","1","2023-11-14T00:17:34.401Z","64","3044","4743"
"156.154.112.21","elite","AS397219","US","NeuStar, Inc.","3","Neustar Security Services","80","socks4","200","1","2023-11-14T00:17:23.904Z","40","1891","4748"
"43.153.11.102","elite","AS132203","US","Shenzhen Tencent Computer Systems Company Limited","152","Tencent Cloud Computing","443","socks4","1608","1","2023-11-14T00:17:23.904Z","77","3656","4744"
"172.65.165.93","elite","AS13335","CA","Cloudflare, Inc.","81","Cloudflare, Inc.","30000","socks4","3787","1","2023-11-14T00:17:23.999Z","100","4759","4761"
"159.223.117.140","elite","AS14061","US","DigitalOcean, LLC","85","DigitalOcean, LLC","24006","socks5","4710","1","2023-11-14T00:17:23.905Z","83","3899","4711"
"190.145.120.182","elite","AS14080","CO","Telmex Colombia S.A.","193","Telmex Colombia S.A.","5678","socks4","4893","1","2023-11-14T00:17:23.903Z","98","4707","4786"
"102.39.92.250","elite","AS11845","ZA","Vox Telecom","188","Vox Telecom (Pty) Ltd","8080","socks4","4600","1","2023-11-14T00:17:13.410Z","69","3168","4620"
"193.34.45.179","elite","AS199201","PL","SPI-NET Norbert Nowicki","34","SPI","5678","socks5","4087","1","2023-11-14T00:17:13.412Z","100","4686","4689"
"95.182.123.66","elite","AS202984","RU","Chernyshov Aleksandr Aleksandrovich","97","Ildar Gilmutdinov PE","62134","socks5","4594","1","2023-11-14T00:17:13.413Z","98","4543","4630"
"176.98.95.105","elite","AS41096","UA","TOV TV&Radio Company 'TIM'","49","TOV TV&Radio Company 'TIM'","30759","socks4","3915","1","2023-11-14T00:17:13.598Z","96","4610","4798"
"5.9.14.21","elite","AS24940","DE","Hetzner Online GmbH","22","Hetzner","30000","socks5","4396","1","2023-11-14T00:17:13.509Z","100","4738","4738"
"103.228.246.129","elite","AS59282","ID","PT Giga Patra Multimedia","181","GPM","5678","socks4","118","1","2023-11-14T00:17:13.410Z","97","4653","4785"
"45.196.151.59","elite","AS7018","US","AT&T Services, Inc.","90","AQUA Networks Limited","5432","socks4","2892","1","2023-11-14T00:17:02.600Z","98","4590","4676"
"41.216.175.214","elite","AS37088","NG","VDT COMMUNICATIONS LIMITED","182","VDT Ikota LAN Ether","4673","socks4","4989","1","2023-11-14T00:17:02.602Z","99","4626","4681"
"103.130.112.253","elite","AS138336","BD","The Potato","152","N/A","5678","socks4","2288","1","2023-11-14T00:17:02.517Z","84","4028","4812"
"197.157.254.34","elite","AS37451","CG","Congo Telecom","158","N/A","4145","socks4","4408","80","2023-11-14T00:17:02.518Z","98","4708","4800"
"192.12.113.249","elite","AS61942","BR","Turbonet Telecom Ltda","200","Turbonet Telecom Ltda","4145","socks4","1992","1","2023-11-14T00:17:02.600Z","76","3659","4835"
"41.223.108.13","elite","AS328250","SO","Golis Telecom Somalia","140","ISP","1080","socks4","2711","1","2023-11-14T00:16:52.115Z","99","4779","4823"
"100.2.109.83","elite","AS701","US","Verizon Business","92","Verizon Online LLC","8080","socks5","164","1","2023-11-14T00:16:52.113Z","100","4697","4710"
"201.76.9.26","elite","AS28642","BR","Contato Internet EIRELI","213","Contato Internet EIRELI","4145","socks4","2911","1","2023-11-14T00:16:52.114Z","100","4759","4781"
"202.124.43.248","elite","AS9902","KH","NeocomISP Limited","298","NeocomISP Limited","4145","socks4","3499","1","2023-11-14T00:16:52.117Z","99","4644","4687"
"43.225.163.209","elite","AS133001","IN","Airnet Cable And Datacom Pvt Ltd","198","AIRNETNETWORKS","4153","socks4","4605","1","2023-11-14T00:16:52.116Z","99","4744","4796"
"38.127.179.84","elite","AS174","US","Cogent Communications","80","Torlandia Trading SRL","11537","socks4","4789","1","2023-11-14T00:16:41.801Z","100","4712","4719"
"103.84.134.1","elite","AS136238","MV","SatLink Pvt Ltd","187","SatLink Pvt Ltd","1080","socks4","3899","1","2023-11-14T00:16:41.705Z","100","4818","4834"
"8.210.119.213","elite","AS45102","HK","Alibaba.com LLC","384","Hong Kong","3304","socks5","5385","1","2023-11-14T00:16:41.705Z","85","4042","4743"
"49.156.1.173","elite","AS38901","KH","EZECOM limited","189","EZECOM limited","5678","socks4","4798","1","2023-11-14T00:16:41.702Z","68","3251","4771"
"38.127.172.115","elite","AS174","US","Cogent Communications","85","Torlandia Trading SRL","11537","socks4","3579","1","2023-11-14T00:16:41.800Z","100","4690","4701"
"192.154.246.96","elite","AS64200","US","Vivid-hosting LLC","151","Vivid-hosting LLC","9000","socks5","4995","2","2023-11-14T00:16:41.703Z","100","4729","4739"
"200.140.83.108","elite","AS8167","BR","V tal","293","Brasil Telecom Comunicacao Multimidia S.A","6588","socks5","5199","1","2023-11-14T00:16:31.499Z","99","4655","4689"
"110.78.186.235","elite","AS131090","TH","CAT-BB","230","N/A","4145","socks4","4414","1","2023-11-14T00:16:31.501Z","57","2619","4623"
"188.165.209.167","elite","AS16276","FR","OVH SAS","5","OVH ISP","7497","socks5","4699","1","2023-11-14T00:16:31.511Z","100","4765","4773"
"183.89.9.20","elite","AS45629","TH","Triple T Broadband Public Company Limited","176","Triple T Broadband Public Company Limited","4153","socks4","5200","1","2023-11-14T00:16:31.501Z","98","4636","4753"
"70.60.230.8","elite","AS11426","US","Spectrum","98","Fastlink Communications Inc","34116","socks4","4689","1","2023-11-14T00:16:21.298Z","100","4769","4781"
"202.159.35.153","elite","AS9340","ID","PT IndoInternet","182","N/A","443","socks4","4611","1","2023-11-14T00:16:21.213Z","99","4742","4770"
"185.236.46.221","elite","AS50115","UA","TELECOMTRADE","58","N/A","5678","socks4","5014","1","2023-11-14T00:16:21.212Z","92","4441","4817"
"192.12.112.70","elite","AS61942","BR","Turbonet Telecom Ltda","188","Turbonet Telecom Ltda","4145","socks4","4698","87","2023-11-14T00:16:21.299Z","99","4640","4690"
"131.0.140.2","elite","AS61885","BR","Mgnetmoc Ltda","205","Mgnetmoc Ltda","4145","socks4","1811","2","2023-11-14T00:16:21.212Z","99","4777","4840"
"91.90.114.237","elite","AS49787","PL","STRONG-PC","97","STRONG-PC Tomasz Piekarski","1080","socks5","5410","1","2023-11-14T00:16:21.308Z","88","4264","4834"
"202.21.127.6","elite","AS9484","MN","Mobinet LLC","182","N/A","5678","socks4","4617","1","2023-11-14T00:16:21.213Z","97","4663","4791"
"104.19.235.10","elite","AS13335","CA","Cloudflare, Inc.","2","Cloudflare, Inc.","80","socks5","4785","1","2023-11-14T00:16:11.205Z","100","4715","4715"
"190.217.58.90","elite","AS3549","CO","Level 3 Communications, Inc.","189","Politecnico Colombiano Jaime Isaza Cadavid","5678","socks4","614","1","2023-11-14T00:16:11.206Z","55","2638","4755"
"183.88.6.29","elite","AS45629","TH","Triple T Broadband Public Company Limited","183","Triple T Broadband Public Company Limited","4153","socks4","1195","1","2023-11-14T00:16:11.202Z","93","4404","4760"
"103.28.86.241","elite","AS58504","NP","Alternate ISP","152","N/A","57230","socks4","1698","1","2023-11-14T00:16:11.201Z","98","4659","4754"
"208.113.155.176","elite","AS26347","US","New Dream Network, LLC","99","New Dream Network, LLC","12886","socks4","4797","2","2023-11-14T00:16:11.201Z","100","4725","4734"
"180.254.95.245","elite","AS7713","ID","PT. TELKOM INDONESIA","188","N/A","8080","socks4","3587","1","2023-11-14T00:16:11.206Z","91","4334","4780"
"121.101.186.201","elite","AS38785","ID","BAGUSNET","200","N/A","43296","socks4","324","1","2023-11-14T00:16:11.202Z","92","4439","4805"
"93.87.73.194","elite","AS8400","RS","Telekom Srbija","32","N/A","8080","socks4","4786","1","2023-11-14T00:16:01.014Z","100","4793","4794"
"103.82.8.189","elite","AS136156","BD","FNF Online","193","N/A","4153","socks4","288","1","2023-11-14T00:16:01.001Z","96","4600","4801"
"197.211.240.119","elite","AS30969","ZW","Zimbabwe Online (Private) Ltd.","193","ZOL Cust Assignments","5678","socks4","3002","2","2023-11-14T00:16:00.915Z","95","4558","4811"
"138.0.89.154","elite","AS264646","CO","Dobleclick Software E Ingeneria","200","Dobleclick Software E Ingeneria","999","socks5","1898","1","2023-11-14T00:16:00.916Z","29","1379","4782"
"197.234.13.30","elite","AS36902","SC","Intelvision","199","Intelvision Ltd","4145","socks4","3996","1","2023-11-14T00:16:00.917Z","99","4758","4783"
"46.167.234.141","elite","AS16019","CZ","UPC Czech","43","Tkom Plus sro","5678","socks4","299","1","2023-11-14T00:15:50.511Z","100","4663","4675"
"177.223.238.20","elite","AS52559","BR","Novatec Telecom Ltda","195","Novatec Telecom Ltda","4153","socks4","4810","1","2023-11-14T00:15:50.510Z","99","4690","4727"
"177.86.64.93","elite","AS262623","BR","claudio jose lara -me","204","claudio jose lara -me","3629","socks4","1390","1","2023-11-14T00:15:50.512Z","36","1735","4755"
"149.20.253.100","elite","AS18615","US","Mainstream Fiber Networks, LLC","101","Mainstream Fiber Networks, LLC","12551","socks4","2501","1","2023-11-14T00:15:50.513Z","100","4828","4835"
"189.219.53.209","elite","AS265594","MX","Television Internacional, S.A. de C.V.","192","Television Internacional, S.A. de C.V","10000","socks4","5092","1","2023-11-14T00:15:40.004Z","100","4678","4679"
"91.226.240.58","elite","AS203877","RS","Astra Telekom DOO Beograd","38","Astra Telekom DOO Beograd","6666","socks4","2996","1","2023-11-14T00:15:40.016Z","94","4413","4698"
"43.134.169.72","elite","AS132203","SG","Aceville Pte.ltd","306","N/A","443","socks5","4892","1","2023-11-14T00:15:40.005Z","86","4137","4800"
"222.129.32.173","elite","AS4808","CN","China Unicom Beijing Province Network","199","N/A","57114","socks4","4905","1","2023-11-14T00:15:40.006Z","76","3544","4686"
"115.159.65.66","elite","AS45090","CN","Shenzhen Tencent Computer Systems Company Limited","202","Tencent cloud computing (Beijing) Co., Ltd.","7302","socks5","4001","2","2023-11-14T00:15:40.003Z","86","4015","4668"
"95.182.78.6","elite","AS50648","UA","PE UAinet","57","PE UAinet","5678","socks4","5190","1","2023-11-14T00:15:28.701Z","99","4739","4764"
"184.82.140.210","elite","AS133481","TH","AIS-Fibre","202","N/A","4145","socks4","4203","1","2023-11-14T00:15:28.703Z","95","4547","4771"
"1.2.187.124","elite","AS23969","TH","TOT Public Company Limited","153","TOT Public Company Limited","4145","socks4","4711","1","2023-11-14T00:15:28.699Z","61","2909","4762"
"143.198.152.50","elite","AS14061","US","DigitalOcean, LLC","191","DigitalOcean, LLC","12345","socks5","5005","1","2023-11-14T00:15:28.703Z","87","4155","4764"
"206.189.195.54","elite","AS14061","US","DigitalOcean, LLC","87","DigitalOcean, LLC","4930","socks5","3208","1","2023-11-14T00:15:28.802Z","56","2696","4794"
"104.21.31.189","elite","AS13335","CA","Cloudflare, Inc.","2","Cloudflare, Inc.","80","socks4","5095","1","2023-11-14T00:15:28.702Z","100","4716","4716"
"110.78.182.221","elite","AS131090","TH","CAT-BB","286","N/A","4145","socks4","3399","1","2023-11-14T00:15:28.701Z","87","4125","4727"
"185.126.40.232","elite","AS49100","IR","Pishgaman Toseeh Ertebatat Company (Private Joint Stock)","197","User","4153","socks4","4799","1","2023-11-14T00:15:17.706Z","95","4581","4814"
"104.16.105.106","elite","AS13335","CA","Cloudflare, Inc.","2","Cloudflare, Inc.","80","socks4","5097","1","2023-11-14T00:15:17.701Z","100","4663","4664"
"202.159.35.97","elite","AS9340","ID","PT IndoInternet","172","N/A","443","socks4","207","1","2023-11-14T00:15:17.703Z","99","4686","4720"
"202.57.46.138","elite","AS9927","PH","PhilCom Corporation","239","PhilCom Corporation","4145","socks4","5094","1","2023-11-14T00:15:17.704Z","38","1813","4796"
"77.192.165.202","elite","AS15557","FR","Societe Francaise Du Radiotelephone - SFR SA","17","N9uf PRO","5678","socks4","2593","1","2023-11-14T00:15:17.806Z","98","4654","4747"
"168.227.158.73","elite","AS52898","BR","Multipla Serviços Inteligentes","207","Multipla Serviços Inteligentes","4145","socks4","1605","1","2023-11-14T00:15:17.704Z","99","4730","4765"
"104.16.107.142","elite","AS13335","CA","Cloudflare, Inc.","2","Cloudflare, Inc.","80","socks4","4299","1","2023-11-14T00:15:17.702Z","100","4727","4728"
"43.153.52.170","elite","AS132203","US","Shenzhen Tencent Computer Systems Company Limited","153","Tencent Cloud Computing","443","socks4","4896","1","2023-11-14T00:15:07.111Z","77","3642","4759"
"104.139.74.25","elite","AS11426","US","Charter Communications Inc","192","Spectrum","34368","socks4","1901","79","2023-11-14T00:15:07.112Z","99","4765","4798"
"198.251.89.198","elite","AS53667","LU","FranTech Solutions","19","FranTech Solutions","51675","socks5","4988","1","2023-11-14T00:15:07.225Z","100","4705","4718"
"105.213.160.87","elite","AS16637","ZA","MTN SA","189","MTN SA","5678","socks4","4709","1","2023-11-14T00:15:07.108Z","35","1627","4704"
"89.237.32.65","elite","AS20485","RU","multi-origin SUTTK","66","N/A","51549","socks4","4384","1","2023-11-14T00:15:07.110Z","99","4727","4781"
"211.194.214.128","elite","AS4766","KR","Korea Telecom","248","KORNET","9050","socks4","5115","80","2023-11-14T00:15:07.112Z","100","4785","4791"
"143.198.229.225","elite","AS14061","US","DigitalOcean, LLC","151","DigitalOcean, LLC","3240","socks4","4293","1","2023-11-14T00:14:56.310Z","89","4249","4771"
"182.160.5.234","elite","AS136907","HK","Huawei International Pte. LTD","304","N/A","1080","socks5","3309","1","2023-11-14T00:14:56.306Z","90","4309","4792"
"178.212.52.92","elite","AS197025","PL","Lubuskie Sieci Swiatlowodowe Sp. z o. o.","31","Lubuskie Sieci Swiatlowodowe Sp. z o. o","5678","socks4","1275","1","2023-11-14T00:14:56.307Z","100","4755","4775"
"103.76.190.210","elite","AS135758","IN","Alacriy Net System Service Private Limited","190","Alacriy Net System Service Private Limited","58275","socks5","904","1","2023-11-14T00:14:56.307Z","98","4714","4793"
"114.99.3.97","elite","AS4134","CN","Chinanet","255","Chinanet AH","8004","socks4","2711","1","2023-11-14T00:14:56.309Z","63","2930","4685"
"185.97.122.253","elite","AS200752","IT","Unitel S.R.L.","30","Spinnaker Srl","4153","socks4","5188","1","2023-11-14T00:14:56.404Z","97","4537","4680"
"8.42.71.5","elite","AS399869","US","Mountain Broadband","193","Level 3, LLC","39593","socks4","4698","1","2023-11-14T00:14:56.305Z","100","4765","4771"
"35.180.201.66","elite","AS16509","FR","Amazon Technologies Inc.","3","AWS EC2 (eu-west-3)","3128","socks4","5094","1","2023-11-14T00:14:56.307Z","100","4805","4805"
"51.254.49.255","elite","AS16276","FR","OVH SAS","6","OVH","52407","socks4","2706","1","2023-11-14T00:14:45.511Z","100","4759","4759"
"211.174.105.18","elite","AS4766","KR","Korea Telecom","286","Netropy","4153","socks4","5002","2","2023-11-14T00:14:45.417Z","100","4688","4700"
"170.82.180.120","elite","AS266445","BR","SEA TELECOM LTDA","288","SEA TELECOM LTDA","4153","socks4","1515","1","2023-11-14T00:14:45.416Z","92","4409","4795"
"154.197.128.161","elite","AS135097","HK","LUOGELANG (FRANCE) LIMITED","191","Shenzhen Jizhan Technology Co., Ltd.","3128","socks5","4413","81","2023-11-14T00:14:45.415Z","99","4694","4721"
"178.154.228.16","elite","AS200350","RU","Yandex Cloud","49","N/A","9050","socks5","5193","1","2023-11-14T00:14:45.501Z","100","4761","4763"
"124.156.157.218","elite","AS132203","HK","Tencent Cloud Computing (Beijing) Co","288","N/A","13220","socks5","4703","1","2023-11-14T00:14:45.417Z","100","4773","4781"
"202.21.112.172","elite","AS9484","MN","Mobinet LLC","115","N/A","1080","socks4","5088","1","2023-11-14T00:14:35.099Z","99","4739","4764"
"189.85.112.20","elite","AS270540","BR","WEBNET Telecom","205","WEBNET Telecom","7497","socks5","4607","1","2023-11-14T00:14:35.099Z","100","4666","4679"
"177.222.146.125","elite","AS28208","BR","Superline Telecomunicações Ltda","210","Superline Telecomunicações Ltda","5678","socks4","2893","1","2023-11-14T00:14:35.101Z","96","4462","4657"
"103.214.112.138","elite","AS136052","ID","PT Cloud Hosting Indonesia","298","PT Denbe Anugerah Solusindo","32323","socks5","1313","1","2023-11-14T00:14:35.098Z","80","3736","4651"
"91.240.63.215","elite","AS57474","IR","Nazhin Sepahan IT and data processing plc","116","Nazhin Sepahan IT and data processing plc","5678","socks4","2401","2","2023-11-14T00:14:35.102Z","42","2000","4788"
"143.110.240.94","elite","AS14061","IN","DigitalOcean, LLC","128","DigitalOcean, LLC","18093","socks4","5008","2","2023-11-14T00:14:35.100Z","99","4762","4801"
"114.99.2.66","elite","AS4134","CN","Chinanet","193","Chinanet AH","8004","socks4","798","1","2023-11-14T00:14:35.203Z","55","2641","4779"
"44.190.9.65","elite","AS15102","CA","Corridor Communications, INC.","168","Amateur Radio Digital Communications","48100","socks4","207","1","2023-11-14T00:14:35.014Z","99","4670","4697"
"103.214.156.254","elite","AS135339","BD","Fuad Muhammad Shorfuddin","199","N/A","5678","socks4","4396","1","2023-11-14T00:14:25.012Z","89","4208","4754"
"59.59.51.74","elite","AS4134","CN","Chinanet","197","Chinanet FJ","8001","socks5","4504","1","2023-11-14T00:14:25.015Z","85","4009","4692"
"103.132.124.18","elite","AS138124","ID","Universitas Samudra","193","Universitas Samudra","5678","socks4","5006","1","2023-11-14T00:14:14.810Z","96","4626","4798"
"195.66.89.209","elite","AS39121","RU","Eniseyneftegas Territorial Industrial Technical Management of Communication LLC","106","Eniseyneftegas Territorial Industrial Technical Management of Communication CJSC","5678","socks5","1014","1","2023-11-14T00:14:14.809Z","99","4660","4713"
"45.112.125.57","elite","AS58369","ID","FIBERNET","164","N/A","4145","socks4","4988","1","2023-11-14T00:14:14.811Z","99","4762","4820"
"184.82.142.201","elite","AS45430","TH","AIS-Fibre","185","N/A","4153","socks4","625","1","2023-11-14T00:14:04.400Z","92","4319","4685"
"41.85.189.66","elite","AS28683","BJ","Benin Telecoms Infrastructures SA","103","N/A","39475","socks4","2311","2","2023-11-14T00:14:04.398Z","100","4620","4637"
"202.159.35.121","elite","AS9340","ID","PT IndoInternet","188","N/A","443","socks4","5090","84","2023-11-14T00:14:04.312Z","99","4684","4719"
"45.233.0.1","elite","AS267303","BR","Centro Oeste Provedor","214","Centro Oeste Provedor","26730","socks4","4490","1","2023-11-14T00:14:04.314Z","99","4793","4823"
"8.219.152.222","elite","AS45102","SG","Alibaba (US) Technology Co., Ltd.","393","Alibaba.com Singapore E-Commerce Private Limited","443","socks4","67","2","2023-11-14T00:14:04.312Z","61","2884","4702"
"81.162.199.86","elite","AS34955","CZ","Martin Vicenik","96","VicenikRoute","4153","socks4","5405","1","2023-11-14T00:13:54.111Z","100","4759","4774"
"78.38.108.199","elite","AS58224","IR","Iran Telecommunication Company PJS","193","Abol Medical University","1080","socks5","5097","1","2023-11-14T00:13:54.113Z","81","3874","4760"
"201.20.183.218","elite","AS11835","BR","Nova Fibra Telecom S.A.","196","Nova Fibra Telecom S.A","3128","socks4","5402","1","2023-11-14T00:13:54.110Z","99","4773","4815"
"45.235.148.5","elite","AS268202","BR","F R BRAGA INFORMATICA ME","202","F R BRAGA INFORMATICA ME","3629","socks4","5000","1","2023-11-14T00:13:54.114Z","99","4780","4821"
"128.111.52.64","elite","AS131","US","University of California, Santa Barbara","142","University of California, Santa Barbara","33333","socks4","4900","1","2023-11-14T00:13:43.702Z","46","2127","4655"
"147.47.224.168","elite","AS9488","KR","SNU","265","N/A","1080","socks4","3105","1","2023-11-14T00:13:43.703Z","97","4637","4797"
"38.127.173.9","elite","AS174","US","Cogent Communications","80","Torlandia Trading SRL","46656","socks5","2102","1","2023-11-14T00:13:43.799Z","100","4709","4717"
"201.76.125.147","elite","AS262794","BR","Vero S.A","298","Vero S.A","20183","socks4","5001","84","2023-11-14T00:13:43.705Z","94","4419","4709"
"83.142.161.30","elite","AS8369","RU","Intersvyaz-2 JSC","66","Intersvyaz-2 JSC","80","socks4","1806","1","2023-11-14T00:13:43.798Z","100","4781","4782"
"181.78.13.93","elite","AS52468","CO","IFX Networks Argentina S.R.L","136","UFINET COLOMBIA, S. A","5678","socks4","4491","1","2023-11-14T00:13:43.703Z","99","4752","4792"
"103.70.159.152","elite","AS133720","IN","speednet","197","N/A","5678","socks4","4913","1","2023-11-14T00:13:43.705Z","99","4744","4786"
"114.99.1.157","elite","AS4134","CN","Chinanet","294","Chinanet AH","8004","socks4","5097","1","2023-11-14T00:13:43.701Z","63","2934","4689"
"36.90.59.221","elite","AS7713","ID","PT. Telekomunikasi Indonesia","198","Telekomunikasi Indonesia","4153","socks4","4599","81","2023-11-14T00:13:33.113Z","83","3964","4791"
"104.168.234.148","elite","AS54290","US","Hostwinds LLC.","147","Hostwinds LLC","3128","socks4","4995","1","2023-11-14T00:13:33.115Z","90","4251","4730"
"197.234.13.32","elite","AS36902","SC","Intelvision","193","Intelvision Ltd","4145","socks4","4901","1","2023-11-14T00:13:33.116Z","99","4636","4664"
"41.60.233.97","elite","AS30844","KE","Maintainer Liquid Telecommunications Operations Limited","202","Liquid Telecommunications Operations Limited","5678","socks4","4894","1","2023-11-14T00:13:33.112Z","86","4130","4778"
"41.223.233.94","elite","AS37008","BF","Alink Telecom Faso v","110","N/A","3629","socks4","5088","1","2023-11-14T00:13:33.114Z","87","4073","4692"
"200.81.144.1","elite","AS270934","BR","Silva de Sá Informática LTDA","200","Silva de Sá Informática LTDA","1080","socks4","1318","1","2023-11-14T00:13:33.113Z","100","4771","4782"
"220.176.250.190","elite","AS4134","CN","Chinanet","219","Chinanet JX","33080","socks4","4306","1","2023-11-14T00:13:33.112Z","18","844","4782"
"31.223.22.21","elite","AS12735","TR","TurkNet Iletisim Hizmetleri A.S.","67","TurkNet Iletisim Hizmetleri","1080","socks4","4389","1","2023-11-14T00:13:33.114Z","99","4674","4730"
"221.144.56.29","elite","AS4766","KR","Korea Telecom","280","Kornet","4001","socks4","5096","1","2023-11-14T00:13:22.499Z","60","2831","4690"
"116.212.142.75","elite","AS38235","KH","Angkor Data Communication","219","Mekongnet","33427","socks4","4392","1","2023-11-14T00:13:22.413Z","85","4091","4822"
"103.213.245.105","elite","AS18254","HK","Klayer LLC","245","N/A","4003","socks5","793","1","2023-11-14T00:13:22.499Z","92","4299","4679"
"209.141.56.216","elite","AS53667","US","FranTech Solutions","180","FranTech Solutions","10898","socks5","4998","1","2023-11-14T00:13:22.500Z","99","4769","4796"
"103.214.112.85","elite","AS136052","ID","PT Cloud Hosting Indonesia","301","PT Denbe Anugerah Solusindo","32323","socks5","5007","1","2023-11-14T00:13:22.498Z","53","2449","4588"
"203.13.32.218","elite","AS209242","CY","Cloudflare London, LLC","11","Lachtaristo Holdings Limited","80","socks4","1727","1","2023-11-14T00:13:22.500Z","100","4710","4710"
"116.224.121.167","elite","AS4812","CN","China Telecom (Group)","173","Chinanet SH","4145","socks4","5093","1","2023-11-14T00:13:11.299Z","60","2765","4597"
"197.234.13.62","elite","AS36902","SC","Intelvision","196","Intelvision Ltd","4145","socks4","1808","2","2023-11-14T00:13:11.300Z","100","4795","4813"
"38.127.179.124","elite","AS174","US","Cogent Communications","80","Torlandia Trading SRL","15290","socks4","2120","1","2023-11-14T00:13:11.298Z","100","4742","4749"
"185.32.4.98","elite","AS60645","PL","AS Consulting Sp. z o. o.","39","Core Network Fiber","4153","socks4","4804","1","2023-11-14T00:13:11.401Z","99","4701","4732"
"181.188.187.139","elite","AS27882","BO","Telefónica Celular de Bolivia S.A.","213","Telefónica Celular de Bolivia S.A","5678","socks4","412","1","2023-11-14T00:13:11.217Z","96","4574","4746"
"103.66.233.161","elite","AS134014","IN","NET 4 U SERVICES","181","N/A","4145","socks4","4314","1","2023-11-14T00:13:11.217Z","99","4779","4812"
"182.253.173.18","elite","AS17451","ID","Biznet Metronet","200","N/A","4153","socks4","1889","1","2023-11-14T00:13:11.299Z","95","4472","4704"
"138.255.227.5","elite","AS263989","BR","Gigarede Tecnologia DA Informacao Ltda - ME","284","Gigarede Tecnologia DA Informacao Ltda - ME","296","socks5","4904","1","2023-11-14T00:13:11.216Z","98","4666","4744"
"51.75.247.54","elite","AS16276","FR","OVH SAS","11","OVH","29237","socks5","1501","1","2023-11-14T00:13:00.608Z","99","4687","4725"
"82.77.129.205","elite","AS8708","RO","RCS & RDS","90","RCS & RDS Business","5678","socks4","3094","1","2023-11-14T00:13:00.513Z","86","4135","4793"
"173.236.179.25","elite","AS26347","US","New Dream Network, LLC","85","New Dream Network, LLC","59540","socks5","3517","2","2023-11-14T00:13:00.515Z","100","4631","4646"
"101.109.20.71","elite","AS23969","TH","TOT Public Company Limited","155","TOT Public Company Limited","4145","socks4","3588","2","2023-11-14T00:12:50.101Z","33","1534","4646"
"123.59.100.247","elite","AS23724","CN","CloudVsp.Inc","191","N/A","1080","socks4","3202","1","2023-11-14T00:12:50.014Z","82","3898","4782"
"178.62.223.104","elite","AS14061","NL","DigitalOcean, LLC","12","Digital Ocean","80","socks4","4089","1","2023-11-14T00:12:50.013Z","100","4711","4712"
"190.121.21.211","elite","AS14117","CL","Telefonica del Sur S.A.","285","Telefonica del Sur S.A","51963","socks4","4999","1","2023-11-14T00:12:50.010Z","98","4734","4813"
"153.99.224.114","elite","AS4837","CN","CHINA UNICOM China169 Backbone","195","Unicom JS","1080","socks5","5003","1","2023-11-14T00:12:50.118Z","87","4041","4648"
"176.31.182.185","elite","AS16276","FR","OVH ISP","5","OVH","9050","socks5","2895","86","2023-11-14T00:12:50.099Z","88","4222","4820"
"27.123.1.1","elite","AS45706","ID","PT Tele Globe Global","187","N/A","4153","socks4","5093","1","2023-11-14T00:12:50.009Z","99","4733","4775"
"203.192.199.238","elite","AS17665","IN","Entire In2Cable","173","Indusind Media And Communication Ltd.","5678","socks4","5008","1","2023-11-14T00:12:50.120Z","98","4727","4808"
"124.222.21.124","elite","AS45090","CN","China Internet Network Information Center","187","Tencent cloud computing (Beijing) Co., Ltd.","2080","socks4","4611","1","2023-11-14T00:12:39.106Z","85","4006","4694"
"128.199.27.84","elite","AS14061","IN","DigitalOcean, LLC","164","DigitalOcean, LLC","45857","socks4","4305","1","2023-11-14T00:12:39.105Z","100","4718","4735"
"119.92.71.123","elite","AS9299","PH","Philippine Long Distance Telephone Co.","254","Philippine Long Distance Telephone Company","5678","socks4","4801","82","2023-11-14T00:12:39.104Z","91","4361","4808"
"177.72.112.161","elite","AS262558","BR","Prompt Brasil Solucoes EM TI Ltda","193","Prompt Brasil Solucoes EM TI Ltda","31164","socks4","798","1","2023-11-14T00:12:39.105Z","100","4753","4776"
"217.198.181.50","elite","AS48031","UA","Ivanov Vitaliy Sergeevich","53","Proline IT Ltd","49582","socks4","4804","3","2023-11-14T00:12:28.112Z","100","4720","4729"
"103.68.0.242","elite","AS135459","ID","PT.GLOBALRIAU DATA SOLUSI","192","N/A","5678","socks4","4702","1","2023-11-14T00:12:28.017Z","98","4673","4749"
"188.255.244.83","elite","AS52116","RS","Orion Telekom ISP IP Network in Subotica","35","Orion Telekom Tim d.o.o.Beograd","52116","socks4","4913","1","2023-11-14T00:12:28.111Z","100","4755","4770"
"103.79.96.225","elite","AS64308","ID","PT IndoDev Niaga Internet","197","PT IndoDev Niaga Internet","4153","socks4","4411","1","2023-11-14T00:12:28.100Z","100","4748","4758"
"193.106.73.102","elite","AS50283","RU","Business Center Ltd","47","Business Center Nov Ltd","41883","socks4","5204","80","2023-11-14T00:12:28.098Z","96","4421","4614"
"91.224.179.175","elite","AS197602","UA","TeleRadioCompany \"Studio TV-9 Beregsasom\" Ltd.","44","TV9 net 2","5678","socks4","5690","1","2023-11-14T00:12:28.102Z","96","4623","4822"
"154.70.151.73","elite","AS327716","BW","Microteck Enterprises (Pty) Ltd.","197","microteck 4G","5678","socks4","4513","1","2023-11-14T00:12:28.016Z","97","4534","4673"
"45.76.182.145","elite","AS20473","SG","The Constant Company","184","Vultr Holdings, LLC","15560","socks4","4795","1","2023-11-14T00:12:28.100Z","99","4740","4793"
"197.234.13.23","elite","AS36902","SC","Intelvision","196","Intelvision Ltd","4145","socks4","6313","3","2023-11-14T00:12:17.312Z","100","4662","4684"
"176.9.119.252","elite","AS24940","DE","Hetzner Online GmbH","22","Hetzner","30172","socks4","3195","2","2023-11-14T00:12:17.311Z","26","1250","4766"
"46.28.111.54","elite","AS197019","CZ","WEDOS Internet","21","WEDOS hosting services","1080","socks4","5007","1","2023-11-14T00:12:17.416Z","100","4749","4749"
"212.174.171.22","elite","AS9121","CY","TurkTelecom","100","Cyprus Wireless Solution Ltd.","5678","socks4","5585","1","2023-11-14T00:12:17.313Z","40","1889","4733"
"121.132.108.65","elite","AS4766","KR","Korea Telecom","286","N/A","5156","socks4","5001","1","2023-11-14T00:12:06.413Z","100","4754","4766"
"112.250.106.50","elite","AS4837","CN","China Unicom CHINA169 Shandong Province Network","184","N/A","7302","socks5","4988","1","2023-11-14T00:12:06.415Z","87","4191","4795"
"167.86.76.187","elite","AS51167","DE","Contabo GmbH","16","Contabo GmbH","7497","socks5","3586","1","2023-11-14T00:12:06.412Z","73","3452","4730"
"143.255.249.74","elite","AS61468","EC","CEDIA","199","Universidad Tecnologica Israel","7497","socks5","4705","1","2023-11-14T00:12:06.414Z","95","4499","4744"
"168.227.158.33","elite","AS52898","BR","Multipla Serviços Inteligentes","207","Multipla Serviços Inteligentes","4145","socks4","2227","1","2023-11-14T00:12:06.415Z","99","4775","4808"
"43.129.207.123","elite","AS132203","HK","Aceville Pte.ltd","288","N/A","3001","socks5","4097","84","2023-11-14T00:12:06.413Z","27","1327","4833"
"170.238.180.21","elite","AS266331","BR","Global Net Informatica Ltda","291","Global Net Informatica Ltda","4145","socks4","1706","1","2023-11-14T00:12:06.414Z","99","4683","4741"
"38.127.179.87","elite","AS174","US","Cogent Communications","81","Torlandia Trading SRL","11537","socks5","4693","1","2023-11-14T00:11:56.010Z","100","4745","4754"
"45.228.77.131","elite","AS266682","AR","Daniel Marechal","233","Daniel Marechal","5678","socks4","5009","1","2023-11-14T00:11:56.000Z","96","4521","4697"
"154.66.108.9","elite","AS37642","LS","Comnet Pty Ltd","176","ISPClients","10081","socks4","3692","1","2023-11-14T00:11:55.915Z","99","4784","4814"
"202.124.43.174","elite","AS9902","KH","NeocomISP Limited","301","NeocomISP Limited","4145","socks4","4597","1","2023-11-14T00:11:55.998Z","99","4716","4754"
"159.192.139.42","elite","AS131090","TH","CAT-BB","299","N/A","5678","socks4","4600","84","2023-11-14T00:11:55.915Z","97","4657","4821"
"191.96.49.100","elite","AS19844","US","SBA Edge, LLC","98","Ipxo","3389","socks4","1585","1","2023-11-14T00:11:55.999Z","95","4489","4715"
"14.207.201.149","elite","AS45629","TH","Triple T Broadband Public Company Limited","171","Triple T Broadband Public Company Limited","8080","socks4","2512","1","2023-11-14T00:11:55.913Z","99","4725","4762"
"27.123.3.141","elite","AS45706","ID","PT Tele Globe Global","183","N/A","4145","socks4","5086","1","2023-11-14T00:11:45.012Z","99","4689","4734"
"118.99.73.213","elite","AS17451","ID","BIZNET","189","N/A","61221","socks4","4900","1","2023-11-14T00:11:45.012Z","96","4559","4756"
"91.247.92.63","elite","AS49389","UA","Privately owned enterprise Alexsandrov Yuriy Viktorovich","49","Privately owned enterprise Alexsandrov Yuriy Viktorovich","5678","socks4","5308","1","2023-11-14T00:11:45.014Z","97","4625","4770"
"110.34.166.182","elite","AS45652","SG","VPLS, Inc.","393","Vpls Sin1","4153","socks4","1523","1","2023-11-14T00:11:45.013Z","99","4736","4777"
"142.4.8.1","elite","AS46606","US","Unified Layer","137","Unified Layer","14883","socks4","599","1","2023-11-14T00:11:45.013Z","100","4650","4652"
"43.128.3.115","elite","AS132203","HK","Aceville Pte.ltd","245","N/A","13220","socks4","1487","1","2023-11-14T00:11:34.414Z","100","4783","4796"
"88.135.41.236","elite","AS57391","IR","Laser Company Ltd","84","Laser IDC","4153","socks4","2285","1","2023-11-14T00:11:34.511Z","79","3758","4757"
"45.196.150.222","elite","AS7018","US","AT&T Services, Inc.","93","AQUA Networks Limited","5432","socks4","4397","1","2023-11-14T00:11:34.416Z","98","4642","4727"
"182.160.102.149","elite","AS24323","BD","Aamra Networks Limited","195","N/A","3128","socks5","2089","1","2023-11-14T00:11:34.415Z","99","4656","4691"
"103.210.35.40","elite","AS59151","ID","Diskominfo DIY","284","Bidang Layanan Teknologi dan Informasi Dinas Perhubungan","4145","socks4","5100","2","2023-11-14T00:11:23.714Z","97","4698","4829"
"202.142.167.210","elite","AS9260","PK","Multinet Broadband","159","Multinet Broadband","1080","socks4","2392","1","2023-11-14T00:11:23.710Z","98","4664","4765"
"31.170.19.5","elite","AS42099","LV","DNET ITRisinajumi Ltd.","45","Sia Nano IT","4153","socks4","599","1","2023-11-14T00:11:23.713Z","100","4755","4763"
"14.34.137.10","elite","AS4766","KR","Korea Telecom","298","Kornet","3128","socks4","4591","1","2023-11-14T00:11:23.711Z","100","4751","4761"
"1.0.136.60","elite","AS23969","TH","TOT Public Company Limited","155","TOT Public Company Limited","4145","socks4","999","2","2023-11-14T00:11:23.710Z","45","2176","4793"
"51.83.140.70","elite","AS16276","PL","OVH SAS","27","OVH Sp. z o. o","8181","socks5","1697","1","2023-11-14T00:11:23.712Z","100","4835","4838"
"24.7.10.171","elite","AS33651","US","Comcast Cable Communications, LLC","167","Comcast Cable Communications","2758","socks4","4897","1","2023-11-14T00:11:13.309Z","56","2664","4781"
"103.9.188.138","elite","AS38901","KH","EZECOM limited","195","EZECOM limited","52269","socks4","2901","1","2023-11-14T00:11:13.311Z","97","4679","4800"
"149.20.253.217","elite","AS18615","US","Mainstream Fiber Networks, LLC","101","Mainstream Fiber Networks, LLC","12551","socks4","4786","1","2023-11-14T00:11:13.311Z","100","4768","4776"
"124.121.95.244","elite","AS17552","TH","TRUEBB","191","N/A","8080","socks4","5094","1","2023-11-14T00:11:13.309Z","62","2892","4631"
"148.153.23.18","elite","AS63199","US","CDS Global Cloud Co., Ltd","141","CDS Global Cloud Co., Ltd","39593","socks4","4898","1","2023-11-14T00:11:13.309Z","100","4784","4785"
"143.202.136.55","elite","AS263196","AR","Infosport SA","295","Infosport SA","4153","socks4","2500","1","2023-11-14T00:11:13.311Z","87","4170","4797"
"24.78.155.155","elite","AS6327","CA","Shaw Communications Inc.","198","Shaw Communications Inc.","9090","socks5","4993","3","2023-11-14T00:11:13.310Z","100","4677","4687"
"103.240.33.161","elite","AS132923","IN","Vihaan Telecommunication Pvt. Ltd.","199","Vihaan","8291","socks4","4590","1","2023-11-14T00:11:02.713Z","99","4730","4799"
"201.236.248.250","elite","AS13489","CO","EPM Telecomunicaciones S.A. E.S.P.","194","EPM Telecomunicaciones S.A. E.S.P.","5678","socks4","407","1","2023-11-14T00:11:02.717Z","98","4580","4673"
"109.251.197.33","elite","AS31148","UA","O3 Core","47","N/A","48805","socks4","3104","1","2023-11-14T00:11:02.716Z","94","4377","4680"
"110.78.149.161","elite","AS131090","TH","CAT-BB","286","N/A","5678","socks4","702","1","2023-11-14T00:10:51.211Z","58","2760","4772"
"132.226.7.23","elite","AS31898","JP","Oracle Corporation","287","Oracle Cloud Infrastructure (ap-tokyo-1)","30277","socks4","4400","1","2023-11-14T00:10:51.210Z","31","1464","4775"
"77.37.142.203","elite","AS42610","RU","NCNET","53","N/A","5328","socks4","5094","1","2023-11-14T00:10:51.212Z","94","4418","4710"
"116.203.227.24","elite","AS24940","DE","Hetzner Online GmbH","93","Hetzner","24940","socks4","3217","1","2023-11-14T00:10:51.214Z","96","4548","4724"
"100.2.103.26","elite","AS701","US","Verizon Business","96","Verizon Online LLC","8080","socks4","324","1","2023-11-14T00:10:51.212Z","100","4789","4794"
"169.239.83.138","elite","AS327946","ZA","Mesh Telecom Pty Ltd","187","Minuteman Press","8080","socks5","4505","1","2023-11-14T00:10:40.405Z","99","4649","4709"
"178.158.197.147","elite","AS43139","UA","Maximum-Net LLC","41","Maximum-Net LLC","3629","socks4","112","1","2023-11-14T00:10:40.502Z","91","4360","4785"
"149.28.155.188","elite","AS20473","SG","The Constant Company","189","Vultr Holdings, LLC","22002","socks4","5095","1","2023-11-14T00:10:40.407Z","39","1877","4793"
"101.51.104.98","elite","AS23969","TH","TOT Public Company Limited","187","TOT Public Company Limited","4145","socks4","4914","1","2023-11-14T00:10:40.407Z","61","2865","4665"
"43.157.47.202","elite","AS132203","DE","Shenzhen Tencent Computer Systems Company Limited","12","Tencent Cloud Computing","443","socks5","4593","1","2023-11-14T00:10:29.616Z","30","1441","4765"
"200.152.107.102","elite","AS21571","BR","MLS Wireless S/A","197","MLS Projetos de Informatica","1080","socks5","5093","1","2023-11-14T00:10:29.603Z","97","4516","4668"
"185.243.126.53","elite","AS59959","CZ","SferiaNET.cz s.r.o.","24","Sferia","4191","socks4","2203","1","2023-11-14T00:10:29.601Z","100","4671","4676"
"103.19.129.137","elite","AS132566","IN","Skynet Internet Broadband Pvt. Ltd","139","N/A","83","socks4","4000","1","2023-11-14T00:10:29.599Z","99","4694","4755"
"87.197.136.58","elite","AS6855","SK","Slovak Telecom AS6855","30","Slovak Telekom, a.s.","4153","socks4","5012","1","2023-11-14T00:10:29.615Z","100","4793","4801"
"171.5.12.194","elite","AS45629","TH","Triple T Broadband Public Company Limited","188","Triple T Broadband Public Company Limited","4145","socks4","600","1","2023-11-14T00:10:19.101Z","100","4647","4652"
"175.201.245.187","elite","AS4766","KR","Korea Telecom","291","Kornet","808","socks4","5100","1","2023-11-14T00:10:19.101Z","100","4728","4731"
"195.138.65.34","elite","AS6876","UA","TENET Scientific Production Enterprise LLC","91","Tenet","5678","socks4","4892","1","2023-11-14T00:10:19.100Z","98","4606","4698"
"157.245.210.217","elite","AS14061","US","DigitalOcean, LLC","85","DigitalOcean, LLC","37864","socks4","4903","1","2023-11-14T00:10:19.200Z","100","4782","4801"
"103.105.40.241","elite","AS137143","IN","Minnal Digital Network Private Limited","198","Minnal Digital Network Private Limited","4145","socks4","1736","1","2023-11-14T00:10:19.103Z","100","4737","4758"
"51.91.21.129","elite","AS16276","FR","OVH SAS","6","OVH","29119","socks5","4184","1","2023-11-14T00:10:08.411Z","100","4764","4764"
"190.0.22.34","elite","AS13489","CO","EPM Telecomunicaciones S.A. E.S.P.","190","EPM Telecomunicaciones S.A. E.S.P","61155","socks4","4909","1","2023-11-14T00:10:08.401Z","99","4725","4768"
"177.136.212.38","elite","AS52685","BR","Conectnet Telecomunicações Ltda.","300","Conectnet Telecomunicações Ltda","4145","socks5","5089","1","2023-11-14T00:10:08.402Z","57","2629","4633"
"115.79.34.201","elite","AS7552","VN","VIETELftth","396","N/A","5678","socks4","5010","1","2023-11-14T00:10:08.317Z","93","4458","4781"
"212.120.186.39","elite","AS12389","RU","Temporary","81","Uralcom Ltd","52914","socks4","5088","1","2023-11-14T00:09:57.213Z","98","4584","4682"
"159.65.4.147","elite","AS14061","SG","DigitalOcean, LLC","150","DigitalOcean, LLC","7497","socks5","3303","1","2023-11-14T00:09:57.200Z","95","4481","4728"
"202.153.91.165","elite","AS24077","HK","Telekom Malaysia (Hong Kong) Ltd.","197","Telekom Malaysia (Hong Kong) Ltd","1080","socks4","1406","1","2023-11-14T00:09:57.200Z","99","4700","4745"
"120.27.14.145","elite","AS37963","CN","Addresses CNNIC","198","Aliyun Computing Co., LTD","80","socks4","242","1","2023-11-14T00:09:57.203Z","85","4072","4814"
"104.20.179.187","elite","AS13335","CA","Cloudflare, Inc.","2","Cloudflare, Inc.","80","socks5","4994","2","2023-11-14T00:09:57.202Z","100","4710","4710"
"182.53.129.81","elite","AS23969","TH","TOT Public Company Limited","197","TOT Public Company Limited","5678","socks4","5085","1","2023-11-14T00:09:57.203Z","44","2060","4645"
"82.202.196.126","elite","AS50340","RU","OOO \"Network of data-centers \"Selectel\"","48","N/A","9050","socks5","5111","1","2023-11-14T00:09:57.202Z","100","4770","4770"
"157.185.161.100","elite","AS54994","CA","Meteverse Limited.","200","Meteverse Limited","26589","socks5","4792","1","2023-11-14T00:09:57.203Z","100","4536","4543"
"84.23.54.47","elite","AS47764","RU","LLC VK","51","VK Cloud Solutions","47764","socks4","5002","1","2023-11-14T00:09:46.699Z","100","4686","4698"
"113.161.248.125","elite","AS45899","VN","VietNam Post and Telecom Corporation","212","Vietnam Posts and Telecommunications Group","1080","socks4","4393","1","2023-11-14T00:09:46.698Z","96","4607","4791"
"5.9.141.151","elite","AS24940","DE","Hetzner Online GmbH","23","Hetzner","30000","socks4","349","1","2023-11-14T00:09:46.617Z","100","4728","4728"
"172.104.145.22","elite","AS63949","DE","Akamai Technologies","11","Linode","9064","socks4","278","1","2023-11-14T00:09:46.617Z","100","4775","4776"
"222.217.74.162","elite","AS4134","CN","Chinanet","226","Chinanet GX","1111","socks5","4491","81","2023-11-14T00:09:46.700Z","82","3899","4771"
"173.212.221.21","elite","AS51167","DE","Contabo GmbH","19","Contabo GmbH","27075","socks4","4798","1","2023-11-14T00:09:40.109Z","100","4695","4696"
"165.225.80.214","elite","AS62044","GB","Zscaler Switzerland GmbH","9","Zscaler, Inc.","10605","socks4","1881","1","2023-11-14T00:09:40.000Z","96","4601","4814"
"5.252.177.252","elite","AS39798","US","MivoCloud SRL","168","MivoCloud SRL","21754","socks5","5195","1","2023-11-14T00:09:40.407Z","69","3311","4772"
"211.174.105.26","elite","AS4766","KR","Korea Telecom","288","Netropy","4153","socks4","5005","1","2023-11-14T00:09:40.397Z","100","4796","4812"
"168.227.158.85","elite","AS52898","BR","Multipla Serviços Inteligentes","282","Multipla Serviços Inteligentes","4145","socks4","989","1","2023-11-14T00:09:40.100Z","99","4729","4770"
"151.247.228.221","elite","AS205647","IR","Pardis Fanvari Partak LTD","200","Shtl DSL CEN","4153","socks4","5001","1","2023-11-14T00:09:40.313Z","92","4328","4697"
"111.249.151.132","elite","AS3462","TW","Chunghwa Telecom Co., Ltd.","266","Chunghwa Telecom Co. Ltd.","4145","socks4","425","1","2023-11-14T00:09:36.308Z","11","539","4753"
"47.90.202.21","elite","AS45102","US","Alibaba.com LLC","88","ALICLOUD-US","24005","socks5","5202","1","2023-11-14T00:09:36.307Z","78","3590","4628"
"125.228.77.228","elite","AS3462","TW","Chunghwa Telecom Co., Ltd.","262","Chunghwa Telecom Co. Ltd.","1081","socks4","4797","1","2023-11-14T00:09:36.309Z","99","4731","4767"
"185.233.202.110","elite","AS200740","NL","First Server Limited","13","Firstbyte Hosting","8088","socks4","4600","1","2023-11-14T00:09:32.603Z","99","4714","4758"
"201.140.238.231","elite","AS266148","BR","Mais Fibra Telecomunicacao Ltda","184","Mais Fibra Telecomunicacao Ltda","5678","socks4","5104","1","2023-11-14T00:09:32.606Z","100","4781","4799"
"103.214.112.201","elite","AS136052","ID","PT Cloud Hosting Indonesia","301","PT Denbe Anugerah Solusindo","32323","socks5","5105","1","2023-11-14T00:09:32.609Z","50","2315","4637"
"104.24.136.68","elite","AS13335","CA","Cloudflare, Inc.","6","Cloudflare, Inc.","80","socks5","4300","1","2023-11-14T00:09:32.599Z","100","4613","4613"
"103.66.233.137","elite","AS134014","IN","NET 4 U SERVICES","188","N/A","4145","socks4","5003","2","2023-11-14T00:09:32.501Z","100","4725","4743"
"185.138.123.78","elite","AS203217","IQ","Horizon ISP3","102","Horizon Scope Mobile Telecom WLL","61896","socks4","4805","1","2023-11-14T00:09:32.999Z","90","4232","4702"
"104.17.50.45","elite","AS13335","US","Cloudflare, Inc.","4","Cloudflare, Inc.","80","socks5","1289","1","2023-11-14T00:09:25.210Z","100","4690","4691"
"91.187.120.12","elite","AS21246","AL","IPKO Telecommunications LLC","87","N/A","5678","socks4","4994","1","2023-11-14T00:09:25.803Z","100","4746","4758"
"189.50.111.105","elite","AS28668","BR","Silva & Silveira Provedor de Internet Ltda","199","Silva & Silveira Provedor de Internet Ltda","3629","socks4","5189","1","2023-11-14T00:09:25.798Z","98","4661","4764"
"104.21.218.103","elite","AS13335","CA","Cloudflare, Inc.","2","Cloudflare, Inc.","80","socks4","532","1","2023-11-14T00:09:25.300Z","100","4649","4649"
"113.195.221.20","elite","AS4837","CN","China Unicom CHINA169 Network","194","N/A","9999","socks4","4605","1","2023-11-14T00:09:25.502Z","57","2688","4723"
"43.153.55.253","elite","AS132203","US","Shenzhen Tencent Computer Systems Company Limited","152","Tencent Cloud Computing","443","socks5","609","1","2023-11-14T00:09:25.706Z","88","4129","4717"
"47.241.238.217","elite","AS45102","SG","Alibaba.com LLC","328","ALICLOUD-SG","1080","socks5","5005","1","2023-11-14T00:09:25.707Z","99","4689","4716"
"116.58.227.224","elite","AS131090","TH","CAT-BB","282","N/A","4145","socks4","4892","91","2023-11-14T00:09:25.396Z","80","3761","4717"
"110.76.129.229","elite","AS59362","BD","KS Network Limited","165","N/A","5678","socks4","4411","1","2023-11-14T00:09:25.706Z","99","4738","4805"
"185.195.129.116","elite","AS212696","IT","Wicomm SRLS","61","Wicomm SRLS","4153","socks4","4409","1","2023-11-14T00:09:25.708Z","97","4628","4794"
"203.23.103.19","elite","AS209242","BZ","Cloudflare London, LLC","12","Umpire Associates LTD","80","socks4","5101","1","2023-11-14T00:09:25.403Z","100","4724","4724"
"197.245.189.194","elite","AS11845","ZA","Vox Telecom","203","Vox Telecom (Pty) Ltd","5678","socks4","3713","1","2023-11-14T00:09:25.295Z","89","4168","4705"
"45.64.99.145","elite","AS58477","ID","ARGON","219","N/A","4145","socks4","4199","1","2023-11-14T00:09:25.795Z","47","2260","4859"
"5.9.154.177","elite","AS24940","DE","Hetzner Online GmbH","25","Hetzner","30000","socks5","4906","1","2023-11-14T00:09:19.397Z","100","4690","4691"
"121.224.89.243","elite","AS140292","CN","China Telecom","288","Chinanet JS","8060","socks5","4990","1","2023-11-14T00:09:19.316Z","30","1402","4627"
"41.206.58.150","elite","AS15808","KE","AccessKenya Group","206","Emmes Transport Limited","5678","socks4","4282","1","2023-11-14T00:09:15.208Z","95","4488","4710"
"116.58.254.201","elite","AS131090","TH","CAT-BB","289","N/A","4145","socks4","4700","85","2023-11-14T00:09:15.211Z","72","3450","4772"
"64.225.28.9","elite","AS14061","US","DigitalOcean, LLC","97","DigitalOcean, LLC","52700","socks5","4891","1","2023-11-14T00:09:15.207Z","54","2451","4579"
"103.60.186.21","elite","AS135729","IN","Digital Telco Network India Pvt. Ltd.","146","Digital Telco Network India Pvt. Ltd.","52195","socks4","3106","1","2023-11-14T00:09:15.209Z","100","4814","4832"
"103.66.233.177","elite","AS134014","IN","NET 4 U SERVICES","192","N/A","4145","socks4","4209","1","2023-11-14T00:09:15.211Z","99","4711","4753"
"101.108.0.189","elite","AS23969","TH","TOT Public Company Limited","188","TOT Public Company Limited","4145","socks4","4499","1","2023-11-14T00:09:15.207Z","49","2343","4757"
"178.252.197.64","elite","AS24689","RU","JSC Rosintel","58","JSC \"Rosintel\"","4153","socks4","4608","6","2023-11-14T00:09:15.211Z","99","4805","4854"
"43.154.49.67","elite","AS132203","HK","Shenzhen Tencent Computer Systems Company Limited","291","Tencent Cloud Computing","9999","socks5","3884","1","2023-11-14T00:09:12.403Z","99","4620","4661"
"186.97.198.18","elite","AS27831","CO","Colombia Móvil","145","Colombia Móvil","5678","socks4","4691","86","2023-11-14T00:09:12.806Z","98","4695","4788"
"64.90.51.168","elite","AS26347","US","New Dream Network, LLC","152","New Dream Network, LLC","55552","socks4","4600","1","2023-11-14T00:09:12.400Z","100","4669","4672"
"188.26.5.254","elite","AS8708","RO","RCS & RDS","43","RCS & RDS Business","4145","socks4","543","1","2023-11-14T00:09:12.395Z","87","4179","4821"
"119.18.157.197","elite","AS55685","ID","PT. Jala Lintas Media","175","N/A","4145","socks4","4598","1","2023-11-14T00:09:12.895Z","99","4785","4836"
"211.144.20.13","elite","AS4808","CN","China Unicom Beijing Province Network","170","Bgtelecom","8080","socks4","1590","87","2023-11-14T00:09:12.310Z","88","4104","4676"
"94.130.171.13","elite","AS24940","DE","Hetzner Online GmbH","82","Hetzner","63152","socks5","5098","1","2023-11-14T00:09:12.810Z","25","1175","4638"
"188.166.231.167","elite","AS14061","SG","DigitalOcean, LLC","188","Digitalocean","7497","socks5","1297","1","2023-11-14T00:09:12.898Z","100","4711","4715"
"84.238.244.85","elite","AS47402","BG","Multimedia","42","Multimedia BG EOOD","4145","socks4","4894","1","2023-11-14T00:09:05.105Z","99","4700","4745"
"89.237.33.97","elite","AS20485","RU","multi-origin SUTTK","73","N/A","51549","socks4","1798","1","2023-11-14T00:09:05.010Z","99","4723","4774"
"37.221.67.62","elite","AS200019","MD","Alexhost SRL","44","Alexhost SRL","5555","socks4","3893","1","2023-11-14T00:09:05.410Z","93","4374","4727"
"185.89.156.130","elite","AS198279","AL","ATU","41","N/A","5678","socks4","4693","1","2023-11-14T00:09:05.109Z","99","4698","4722"
"190.186.23.99","elite","AS25620","BO","Cotas Ltda.","292","Adsl-ip-dinamica - Plan","5678","socks4","5299","1","2023-11-14T00:09:05.103Z","80","3718","4671"
"129.21.30.116","elite","AS4385","US","Rochester Institute of Technology","82","Rochester Institute of Technology","3128","socks4","3711","1","2023-11-14T00:09:05.404Z","99","4584","4622"
"213.197.136.218","elite","AS15440","LT","BALTNET","94","N/A","5678","socks4","2996","1","2023-11-14T00:09:04.710Z","100","4660","4662"
"120.77.171.171","elite","AS37963","CN","Hangzhou Alibaba Advertising Co","210","Aliyun Computing Co., LTD","22","socks4","5004","1","2023-11-14T00:09:04.718Z","80","3751","4684"
"198.37.103.71","elite","AS397373","US","H4Y Technologies LLC","157","H4Y Technologies LLC","62220","socks4","2900","1","2023-11-14T00:09:04.717Z","100","4781","4789"
"203.32.121.157","elite","AS209242","VG","Cloudflare London, LLC","11","Anaga Consulting Limited","80","socks4","4399","1","2023-11-14T00:09:04.709Z","100","4761","4762"
"110.77.171.70","elite","AS131090","TH","CAT-BB","293","N/A","8080","socks4","4997","1","2023-11-14T00:09:04.709Z","65","3075","4702"
"46.101.159.153","elite","AS14061","DE","DigitalOcean, LLC","91","Digital Ocean","52570","socks5","4110","1","2023-11-14T00:09:04.799Z","100","4802","4803"
"103.76.210.85","elite","AS24186","IN","Lightwave Technologies Pvt Ltd","155","Light Wave Technologies PVT LTD","5678","socks5","5092","1","2023-11-14T00:09:04.716Z","92","4379","4771"
"173.212.250.16","elite","AS51167","DE","Contabo GmbH","90","Contabo GmbH","37712","socks4","5101","2","2023-11-14T00:08:58.101Z","100","4629","4631"
"52.97.183.166","elite","AS8075","NL","Microsoft Corporation","11","Microsoft Corporation","80","socks4","1997","3","2023-11-14T00:08:58.006Z","100","4679","4679"
"50.234.24.129","elite","AS7922","US","Comcast Cable Communications, LLC","88","Comcast Cable Communications, LLC","32100","socks4","4596","2","2023-11-14T00:08:57.614Z","100","4692","4692"
"103.53.110.45","elite","AS133970","IN","Tycoon Computers Pvt. Ltd.","197","Tycoon Computers Pvt. Ltd.","10801","socks4","4391","1","2023-11-14T00:08:57.506Z","98","4695","4768"
"104.129.199.57","elite","AS22616","US","ZSCALER, INC.","140","Zscaler, Inc.","8800","socks5","2601","2","2023-11-14T00:08:54.115Z","97","4628","4789"
"103.117.108.89","elite","AS137935","BD","I Link Internet Service (I.T)","186","I Link Internet Service (I.T)","4153","socks4","1698","1","2023-11-14T00:08:54.120Z","98","4680","4761"
"212.33.205.4","elite","AS43754","IR","Asiatech Data Transmission company","98","Asiatech Data Transmission Co.","1080","socks4","5002","1","2023-11-14T00:08:54.116Z","59","2728","4634"
"103.47.216.19","elite","AS133692","IN","Fastnet Communication Pvt. Ltd","188","Fastnet Communication Pvt. Ltd.","4145","socks4","5095","1","2023-11-14T00:08:54.118Z","98","4727","4808"
"51.210.43.253","elite","AS16276","FR","OVH SAS","81","OVH","7497","socks5","426","2","2023-11-14T00:08:54.117Z","99","4635","4667"
"177.36.185.178","elite","AS53062","BR","Ggnet Telecom Backbone","218","Ggnet Telecom Backbone","5678","socks4","1700","2","2023-11-14T00:08:51.097Z","93","4424","4764"
"157.230.36.225","elite","AS14061","SG","DigitalOcean, LLC","173","DigitalOcean, LLC","7497","socks5","4001","1","2023-11-14T00:08:51.012Z","38","1802","4725"
"151.251.41.199","elite","AS49040","BG","Sis Net 05 EOOD","62","N/A","5678","socks5","3810","1","2023-11-14T00:08:51.102Z","67","3194","4756"
"71.234.197.16","elite","AS7015","US","Comcast Cable Communications, LLC","111","Comcast Cable Communications, Inc.","4600","socks4","5010","1","2023-11-14T00:08:50.703Z","98","4531","4627"
"159.192.233.69","elite","AS131090","TH","CAT-BB","243","N/A","4145","socks5","2694","1","2023-11-14T00:08:50.701Z","78","3715","4773"
"44.190.9.50","elite","AS15102","CA","Corridor Communications, INC.","177","Amateur Radio Digital Communications","48100","socks4","5198","79","2023-11-14T00:08:43.604Z","99","4601","4628"
"185.220.226.128","elite","AS205585","TR","Noyan Abr Arvan Co. ( Private Joint Stock)","52","Noyan Abr Arvan Co. ( Private Joint Stock)","808","socks5","1108","3","2023-11-14T00:08:43.700Z","90","4190","4654"
"173.255.202.28","elite","AS63949","US","Akamai Technologies, Inc.","180","Linode","39319","socks5","4392","1","2023-11-14T00:08:43.307Z","99","4612","4637"
"49.156.34.190","elite","AS24492","KH","WiCAM Corporation Ltd.","299","WiCAM Corporation Ltd.","24492","socks5","4902","1","2023-11-14T00:08:43.908Z","93","4397","4748"
"87.250.109.174","elite","AS35567","BA","DASTO Semtel doo","43","N/A","8080","socks4","4693","1","2023-11-14T00:08:43.401Z","99","4660","4719"
"117.158.175.21","elite","AS24445","CN","China Mobile communications corporation","209","China Mobile","7302","socks5","4394","90","2023-11-14T00:08:43.402Z","83","3877","4682"
"201.158.10.64","elite","AS61936","BR","VIATEC TELECOMUNICAÇÕES EIRELI","228","VIATEC TELECOMUNICAÇÕES LTDA","5678","socks4","2993","1","2023-11-14T00:08:43.309Z","93","4408","4727"
"200.41.148.2","elite","AS10834","AR","Telefonica de Argentina","229","Telefonica de Argentina","12000","socks4","3594","1","2023-11-14T00:08:43.594Z","76","3502","4602"
"178.250.70.218","elite","AS51580","IT","Timenet SPA","40","Time-net S.R.L","1088","socks4","4892","2","2023-11-14T00:08:43.303Z","97","4656","4797"
"61.7.183.24","elite","AS131090","TH","CAT Telecom Public Company Limited","293","National Telecom Public Company Limited","4145","socks4","2798","1","2023-11-14T00:08:43.308Z","85","3978","4686"
"213.135.234.101","elite","AS6661","LU","POST Luxembourg","11","EPT","4153","socks4","4702","5","2023-11-14T00:08:36.199Z","100","4671","4689"
"104.238.96.101","elite","AS398101","US","GoDaddy.com, LLC","140","GoDaddy.com, LLC","31212","socks5","396","1","2023-11-14T00:08:36.503Z","99","4693","4743"
"14.207.206.223","elite","AS45629","TH","Triple T Broadband Public Company Limited","190","Triple T Broadband Public Company Limited","8080","socks4","4714","1","2023-11-14T00:08:32.108Z","94","4465","4750"
"8.219.104.50","elite","AS45102","SG","Alibaba (US) Technology Co., Ltd.","328","Alibaba.com Singapore E-Commerce Private Limited","443","socks4","1807","1","2023-11-14T00:08:32.106Z","58","2726","4705"
"183.88.36.32","elite","AS45629","TH","Triple T Broadband Public Company Limited","164","Triple T Broadband Public Company Limited","8080","socks5","3987","1","2023-11-14T00:08:32.107Z","92","4315","4698"
"177.85.205.173","elite","AS52554","BR","S. A. da Silva Junior","200","S. A. da Silva Junior","3629","socks4","1695","1","2023-11-14T00:08:32.107Z","61","2924","4788"
"117.241.135.30","elite","AS9829","IN","BSNL Internet","200","N/A","7777","socks4","5096","1","2023-11-14T00:08:29.596Z","97","4563","4717"
"103.228.246.30","elite","AS59282","ID","PT Giga Patra Multimedia","193","GPM","5678","socks4","3190","1","2023-11-14T00:08:29.907Z","97","4610","4743"
"200.29.8.18","elite","AS4995","CL","Netup S.A","291","NETUP-POP","5678","socks4","1397","5","2023-11-14T00:08:29.912Z","95","4520","4764"
"36.95.48.45","elite","AS7713","ID","PT. Telekomunikasi Indonesia","191","Telekomunikasi Indonesia","1080","socks4","4608","2","2023-11-14T00:08:29.395Z","98","4733","4817"
"38.127.172.28","elite","AS174","US","Cogent Communications","96","Torlandia Trading SRL","11537","socks4","5497","82","2023-11-14T00:08:22.604Z","100","4756","4763"
"149.20.253.250","elite","AS18615","US","Mainstream Fiber Networks, LLC","101","Mainstream Fiber Networks, LLC","12551","socks4","4790","2","2023-11-14T00:08:22.601Z","100","4631","4642"
"170.81.160.124","elite","AS266420","BR","NTC Comunicaçoes Ltda ME","195","NTC Comunicaçoes Ltda ME","42832","socks5","4498","1","2023-11-14T00:08:22.610Z","100","4721","4739"
"58.35.206.18","elite","AS4812","CN","China Telecom (Group)","290","Chinanet SH","4145","socks4","4605","1","2023-11-14T00:08:21.312Z","76","3591","4721"
"168.227.158.57","elite","AS52898","BR","Multipla Serviços Inteligentes","208","Multipla Serviços Inteligentes","4145","socks4","927","2","2023-11-14T00:08:10.797Z","99","4675","4726"
"80.87.200.140","elite","AS29182","RU","JSC IOT","48","JSC \"Server\"","9050","socks4","4797","1","2023-11-14T00:08:10.806Z","100","4787","4788"
"81.69.243.126","elite","AS45090","CN","Shenzhen Tencent Computer Systems Company Limited","194","Tencent Cloud Computing (Beijing) Co., Ltd","1080","socks4","5089","1","2023-11-14T00:08:10.409Z","86","4105","4764"
"183.89.13.111","elite","AS45629","TH","Triple T Broadband Public Company Limited","186","Triple T Broadband Public Company Limited","8080","socks5","4990","1","2023-11-14T00:08:10.412Z","97","4562","4690"
"178.212.98.200","elite","AS48957","UA","Joint Ukrainian American Enterprise \"Telecommunications Resource Center\" ltd","39","LVIV2","44550","socks4","5293","2","2023-11-14T00:08:10.406Z","97","4597","4747"
"45.77.108.208","elite","AS20473","US","The Constant Company","91","Vultr Holdings, LLC","9050","socks4","4596","84","2023-11-14T00:08:10.507Z","84","4033","4809"
"170.233.117.249","elite","AS264738","AR","Sebastian Souto","270","Sebastian Souto","4153","socks4","5185","1","2023-11-14T00:08:10.410Z","97","4682","4806"
"181.101.1.221","elite","AS7303","AR","Telecom Argentina S.A.","265","Telecom Personal Bs","7071","socks4","3405","78","2023-11-14T00:08:10.800Z","27","1313","4815"
"177.38.5.230","elite","AS52964","BR","FÁBIO MENDES DIAS LTDA ME","263","FÁBIO MENDES DIAS LTDA ME","4153","socks5","2703","77","2023-11-14T00:08:10.410Z","89","4254","4760"
"167.172.181.111","elite","AS14061","DE","DigitalOcean, LLC","25","DigitalOcean, LLC","80","socks5","2095","2","2023-11-14T00:08:10.714Z","100","4752","4753"
"34.110.150.54","elite","AS396982","US","Google LLC","3","Google Cloud","3128","socks5","3001","2","2023-11-14T00:08:03.400Z","100","4679","4679"
"149.202.27.17","elite","AS16276","FR","OVH SAS","7","Vova Kuchkovskiy","16379","socks4","4793","2","2023-11-14T00:08:03.709Z","99","4780","4812"
"47.101.202.178","elite","AS37963","CN","Addresses CNNIC","292","Aliyun Computing Co., LTD","7891","socks4","4902","1","2023-11-14T00:08:03.309Z","83","3905","4722"
"103.194.89.173","elite","AS134319","IN","Elyzium Technologies Pvt. Ltd.","164","Elyzium Technologies Pvt. Ltd.","9898","socks4","2103","8","2023-11-14T00:08:03.704Z","98","4674","4769"
"198.98.49.82","elite","AS53667","US","FranTech Solutions","100","FranTech Solutions","443","socks5","4108","1","2023-11-14T00:08:03.797Z","100","4662","4669"
"38.127.179.226","elite","AS174","US","Cogent Communications","80","Torlandia Trading SRL","55994","socks4","3491","1","2023-11-14T00:07:59.207Z","100","4674","4683"
"151.248.117.232","elite","AS197695","RU","Reg.Ru","46","N/A","5555","socks4","4597","1","2023-11-14T00:07:55.203Z","99","4665","4713"
"118.97.235.36","elite","AS7713","ID","PT. TELKOM INDONESIA","208","N/A","4145","socks4","4711","1","2023-11-14T00:07:55.013Z","99","4715","4740"
"102.176.180.6","elite","AS328271","KE","Syokinet Solutions Limited","201","Syokinet Solutions","4153","socks4","3289","2","2023-11-14T00:07:55.199Z","98","4723","4829"
"158.69.197.113","elite","AS16276","CA","OVH SAS","89","OVH Hosting, Inc","7497","socks5","5005","6","2023-11-14T00:07:55.099Z","100","4683","4705"
"221.167.75.138","elite","AS4766","KR","Korea Telecom","304","Kornet","5156","socks4","1990","1","2023-11-14T00:07:54.595Z","100","4595","4602"
"186.251.255.233","elite","AS267513","BR","Seanet Telecom Carazinho Eireli","208","Seanet Telecom Carazinho Eireli","31337","socks4","5008","1","2023-11-14T00:07:54.609Z","99","4684","4708"
"137.110.161.153","elite","AS7377","US","University of California, San Diego","143","University of California, San Diego","80","socks4","4398","1","2023-11-14T00:07:54.696Z","100","4711","4714"
"34.64.4.65","elite","AS139070","SG","Google Asia Pacific Pte. Ltd.","298","Google LLC","80","socks5","4799","1","2023-11-14T00:07:54.606Z","100","4704","4704"
"185.203.243.160","elite","AS204601","NL","Zomro B.V.","80","Zomro B.V","24522","socks4","5014","2","2023-11-14T00:07:48.317Z","100","4639","4643"
"82.103.116.126","elite","AS8717","BG","A1 Bulgaria EAD","45","A1 Bulgaria EAD","4153","socks4","3693","2","2023-11-14T00:07:48.317Z","100","4767","4777"
"103.59.203.141","elite","AS134014","IN","NET 4 U SERVICES PVT LTD","134","NET 4 U Services PVT LTD","4145","socks4","5002","2","2023-11-14T00:07:48.315Z","99","4607","4640"
"128.65.176.170","elite","AS43754","IR","Asiatech Data Transmission company","195","Asiatech Data Transmission Co.","80","socks5","4194","1","2023-11-14T00:07:48.314Z","94","4431","4714"
"83.228.47.75","elite","AS8866","BG","BTC-BROADBAND","71","Bulgarian Telecommunications Company Plc.","2086","socks5","5012","1","2023-11-14T00:07:48.404Z","100","4661","4683"
"54.38.242.224","elite","AS16276","FR","OVH SAS","7","OVH","31143","socks5","5192","2","2023-11-14T00:07:47.600Z","98","4717","4826"
"189.106.62.102","elite","AS7738","BR","V tal","197","Telemar Norte Leste S.A.","4145","socks4","4802","1","2023-11-14T00:07:47.608Z","91","4371","4801"
"61.7.138.71","elite","AS131090","TH","CAT Telecom Public Company Limited","204","National Telecom Public Company Limited","4145","socks4","4899","1","2023-11-14T00:07:47.800Z","87","4066","4647"
"197.234.13.14","elite","AS36902","SC","Intelvision","165","Intelvision Ltd","4145","socks4","4810","1","2023-11-14T00:07:47.512Z","100","4755","4774"
"103.38.205.17","elite","AS45916","IN","gtpl hariom world vision","128","Gtpl Broadband Pvt. Ltd.","5678","socks4","2807","1","2023-11-14T00:07:47.805Z","100","4784","4801"
"107.173.84.231","elite","AS36352","US","ColoCrossing","141","RackNerd LLC","32124","socks4","300","2","2023-11-14T00:07:40.205Z","99","4732","4788"
"99.26.74.89","elite","AS7018","US","AT&T Services, Inc.","138","Martha Martinez","39593","socks4","3101","1","2023-11-14T00:07:40.199Z","87","4155","4778"
"177.91.76.34","elite","AS263432","BR","Corporativa Telecomunicacoes Eireli ME","193","Corporativa Telecomunicacoes Eireli ME","4153","socks4","487","1","2023-11-14T00:07:39.912Z","92","4394","4785"
"170.84.205.17","elite","AS52507","AR","Pampacom S.R.L.","299","Pampacom S.R.L","4153","socks4","4197","2","2023-11-14T00:07:39.909Z","100","4818","4837"
"36.67.186.76","elite","AS7713","ID","PT. Telekomunikasi Indonesia","179","N/A","61221","socks4","3096","1","2023-11-14T00:07:37.412Z","72","3367","4697"
"91.148.233.54","elite","AS50525","DE","Privado Networks AG","11","Privado Networks Frankfurt","8081","socks4","2998","2","2023-11-14T00:07:37.410Z","100","4750","4754"
"47.242.53.34","elite","AS45102","HK","Alibaba.com LLC","301","Hong Kong","39427","socks5","4207","1","2023-11-14T00:07:37.410Z","74","3516","4735"
"202.123.178.202","elite","AS24337","LA","Sky Telecom State Company","297","Skytelfibernet","30208","socks4","3202","1","2023-11-14T00:07:37.413Z","95","4495","4712"
"103.51.44.41","elite","AS133819","ID","CIM","280","N/A","4145","socks4","1801","2","2023-11-14T00:07:37.411Z","99","4667","4710"
"203.30.191.218","elite","AS209242","BZ","Cloudflare London, LLC","86","Umpire Associates LTD","80","socks4","5096","1","2023-11-14T00:07:32.612Z","100","4660","4661"
"89.237.32.193","elite","AS20485","RU","multi-origin SUTTK","82","N/A","51549","socks4","3304","2","2023-11-14T00:07:32.702Z","99","4770","4820"
"103.199.97.161","elite","AS45804","IN","New Shivam Cable Network","178","N/A","45804","socks5","2692","2","2023-11-14T00:07:32.997Z","97","4654","4784"
"188.166.239.48","elite","AS14061","SG","DigitalOcean, LLC","184","Digitalocean","3128","socks4","4695","1","2023-11-14T00:07:32.609Z","100","4749","4752"
"120.24.52.179","elite","AS37963","CN","Hangzhou Alibaba Advertising Co","216","Aliyun Computing Co., LTD","3128","socks5","4409","1","2023-11-14T00:07:32.911Z","83","3957","4790"
"182.75.220.186","elite","AS9498","IN","Bharti Airtel","189","Bharti Airtel Ltd","40637","socks4","4703","1","2023-11-14T00:07:32.713Z","86","4088","4750"
"47.112.157.97","elite","AS37963","CN","Addresses CNNIC","215","Aliyun Computing Co., LTD","8060","socks5","4406","1","2023-11-14T00:07:26.706Z","84","3903","4651"
"67.207.75.252","elite","AS14061","DE","DigitalOcean, LLC","29","DigitalOcean, LLC","58927","socks5","4385","2","2023-11-14T00:07:26.803Z","100","4734","4734"
"18.217.169.2","elite","AS16509","US","Amazon.com, Inc.","181","AWS EC2 (us-east-2)","80","socks4","4485","7","2023-11-14T00:07:26.707Z","100","4699","4702"
"61.4.234.239","elite","AS18313","KR","LG HelloVision Corp.","277","HVBuk-incheon","8080","socks5","4195","1","2023-11-14T00:07:26.703Z","91","4393","4833"
"114.5.196.210","elite","AS4761","ID","PT. INDOSAT Tbk","216","PT. INDOSAT Tbk","1081","socks4","4610","1","2023-11-14T00:07:26.704Z","76","3566","4721"
"189.201.189.2","elite","AS28438","MX","ATC HOLDING FIBRA MEXICO, S. DE R.L. DE C.V.","164","ATC HOLDING FIBRA MEXICO, S. DE R.L. DE C.V","4145","socks4","4410","1","2023-11-14T00:07:26.704Z","99","4718","4770"
"222.163.71.114","elite","AS4837","CN","CNC Group CHINA169 Jilin Province Network","316","N/A","54240","socks5","5595","2","2023-11-14T00:07:24.610Z","44","2109","4740"
"172.67.200.220","elite","AS13335","CA","Cloudflare, Inc.","89","Cloudflare, Inc.","80","socks4","3018","1","2023-11-14T00:07:24.513Z","100","4707","4708"
"38.127.173.150","elite","AS174","US","Cogent Communications","84","Torlandia Trading SRL","11537","socks4","3198","1","2023-11-14T00:07:24.908Z","100","4748","4757"
"195.208.61.116","elite","AS62240","GB","Clouvider Limited","86","Qwarta LLC","52803","socks4","4996","1","2023-11-14T00:07:24.912Z","100","4750","4756"
"103.47.93.216","elite","AS134058","IN","Broban Internet Services Pvt.ltd","161","Broban  PVT Ltd.","1080","socks4","3001","83","2023-11-14T00:07:24.606Z","99","4668","4700"
"103.212.93.254","elite","AS138312","IN","Best Telnet Services Private Limited","192","Best telnet services private limited","45639","socks4","4789","1","2023-11-14T00:07:18.110Z","99","4688","4737"
"202.162.214.250","elite","AS9341","ID","PT Indonesia Comnets Plus","164","N/A","3128","socks4","790","1","2023-11-14T00:07:18.107Z","98","4702","4795"
"185.162.230.178","elite","AS209242","GB","Cloudflare London, LLC","11","Softconstruct Limited","80","socks4","4494","1","2023-11-14T00:07:17.798Z","100","4666","4668"
"37.130.25.184","elite","AS15874","PL","\"InterKAM\" S.C","35","Interkam Szczepanik Spolka Komandytowa","5678","socks4","4911","1","2023-11-14T00:07:17.711Z","99","4700","4732"
"189.84.125.189","elite","AS28368","BR","Sobralnet Servicos E Telecomunicacoes Ltda - ME","159","Sobralnet Servicos E Telecomunicacoes Ltda - ME","5678","socks4","4711","1","2023-11-14T00:07:15.922Z","98","4535","4638"
"203.30.190.46","elite","AS209242","BZ","Cloudflare London, LLC","12","Umpire Associates LTD","80","socks4","4501","1","2023-11-14T00:07:15.925Z","100","4737","4737"
"168.253.196.6","elite","AS37276","ZA","VOffice Solutions","185","Smartvillage","5678","socks4","5090","1","2023-11-14T00:07:11.199Z","100","4711","4728"
"103.10.97.154","elite","AS18103","ID","Neuviz","206","N/A","4153","socks4","4289","1","2023-11-14T00:07:11.210Z","96","4486","4657"
"103.192.76.36","elite","AS55915","NP","Classic Tech Pvt. Ltd.","201","Classic Support Pvt. Ltd","5678","socks4","4793","2","2023-11-14T00:07:11.203Z","96","4605","4813"
"178.32.116.99","elite","AS16276","FR","OVH SAS","10","OVH ISP","62763","socks4","2287","2","2023-11-14T00:07:10.201Z","100","4786","4797"
"104.21.102.95","elite","AS13335","US","Cloudflare, Inc.","3","Cloudflare, Inc.","80","socks4","5488","1","2023-11-14T00:07:10.206Z","100","4825","4825"
"89.34.198.253","elite","AS8926","MD","JSC MOLDTELECOM SA","57","JSC Moldtelecom S.A.","5678","socks4","4594","1","2023-11-14T00:07:05.000Z","66","3125","4708"
"38.127.173.40","elite","AS174","US","Cogent Communications","99","Torlandia Trading SRL","46656","socks4","5497","1","2023-11-14T00:07:05.098Z","100","4706","4710"
"185.56.180.14","elite","AS206866","ES","GARTEL","90","Gartel","5678","socks4","3299","1","2023-11-14T00:07:05.099Z","100","4816","4818"
"139.162.46.64","elite","AS63949","SG","Akamai Technologies, Inc.","161","Linode, LLC","8080","socks5","5006","1","2023-11-14T00:07:05.001Z","99","4683","4746"
"177.72.113.225","elite","AS262558","BR","Prompt Brasil Solucoes EM TI Ltda","193","Prompt Brasil Solucoes EM TI Ltda","31164","socks4","4404","1","2023-11-14T00:07:04.917Z","99","4783","4811"
"93.87.73.58","elite","AS8400","RS","Telekom Srbija","39","N/A","1080","socks4","5096","1","2023-11-14T00:07:04.917Z","100","4677","4691"
"154.117.212.18","elite","AS327799","BI","2G+3G+4G","219","N/A","5678","socks4","882","1","2023-11-14T00:07:04.998Z","98","4598","4670"
"103.135.225.202","elite","AS138871","ID","SUPERCORRIDOR","168","N/A","4153","socks5","1134","1","2023-11-14T00:07:03.813Z","75","3507","4668"
"74.207.251.162","elite","AS63949","US","Akamai Technologies, Inc.","149","Linode","62322","socks5","2902","2","2023-11-14T00:07:03.498Z","98","4615","4696"
"103.119.55.155","elite","AS63859","ID","PT. Eka Mas Republik","198","Myrepublic","8080","socks4","4301","1","2023-11-14T00:07:03.503Z","98","4585","4676"
"69.163.161.58","elite","AS26347","US","New Dream Network, LLC","194","New Dream Network, LLC","26347","socks4","5080","91","2023-11-14T00:07:03.602Z","100","4745","4748"
"115.42.64.40","elite","AS132165","PK","Connect Communication","146","Connect Communication","5678","socks4","2284","1","2023-11-14T00:07:03.815Z","94","4450","4737"
"184.82.234.155","elite","AS133481","TH","AIS-Fibre","167","N/A","8888","socks5","5003","1","2023-11-14T00:07:03.698Z","41","1926","4719"
"110.78.153.94","elite","AS131090","TH","CAT-BB","294","N/A","4145","socks4","5296","85","2023-11-14T00:07:03.506Z","67","3188","4736"
"119.28.74.177","elite","AS132203","HK","ComsenzNet","300","Tencent cloud computing (Beijing) Co., Ltd.","10004","socks5","4606","1","2023-11-14T00:06:57.106Z","100","4769","4782"
"149.20.253.77","elite","AS18615","US","Mainstream Fiber Networks, LLC","101","Mainstream Fiber Networks, LLC","12551","socks4","4314","83","2023-11-14T00:06:57.110Z","100","4644","4654"
"31.206.38.50","elite","AS15924","TR","Vodafone Net Iletisim Hizmetler","68","Vodafone Net Iletisim Hizmetler","37630","socks4","5308","1","2023-11-14T00:06:57.004Z","100","4759","4773"
"124.122.11.115","elite","AS17552","TH","True Internet Co., Ltd.","183","TRUE BB","5678","socks4","3688","1","2023-11-14T00:06:57.100Z","87","4138","4777"
"93.171.224.46","elite","AS211570","UA","PE TV and Radio Company Kentavr-TV","86","PE TV and Radio Company Kentavr-TV","4153","socks4","4298","2","2023-11-14T00:06:56.312Z","99","4650","4676"
"167.99.201.165","elite","AS14061","GB","DigitalOcean, LLC","14","DigitalOcean, LLC","15956","socks5","4099","1","2023-11-14T00:06:54.003Z","66","3085","4683"
"37.114.211.55","elite","AS206065","IR","FANAPTELECOM","105","N/A","8080","socks4","2698","4","2023-11-14T00:06:54.003Z","13","610","4649"
"104.18.220.95","elite","AS13335","CA","Cloudflare, Inc.","3","Cloudflare, Inc.","80","socks5","3088","1","2023-11-14T00:06:54.000Z","100","4754","4754"
"104.129.206.65","elite","AS22616","US","ZSCALER, INC.","98","Zscaler, Inc.","8800","socks4","4099","3","2023-11-14T00:06:53.999Z","96","4625","4819"
"180.183.135.241","elite","AS45629","TH","Triple T Broadband Public Company Limited","200","Triple T Broadband Public Company Limited","1099","socks4","4298","1","2023-11-14T00:06:53.999Z","91","4285","4691"
"123.120.54.114","elite","AS4808","CN","China Unicom Beijing Province Network","199","N/A","28890","socks4","4898","3","2023-11-14T00:06:43.109Z","80","3825","4790"
"188.136.162.30","elite","AS48309","IR","Ariana Gostar Spadana's","107","N/A","4153","socks4","5097","1","2023-11-14T00:06:43.113Z","98","4657","4730"
"5.188.4.100","elite","AS202422","BR","G-Core Labs S.A","193","GCL","80","socks5","3898","1","2023-11-14T00:06:43.111Z","49","2282","4692"
"185.169.181.26","elite","AS34984","TR","Ates Dc","91","Ibrahim MALA trading as Ates Dc","4145","socks4","4891","2","2023-11-14T00:06:43.200Z","100","4677","4679"
"145.239.81.129","elite","AS16276","PL","OVH SAS","31","OVH Sp. z o. o","8008","socks4","4690","2","2023-11-14T00:06:43.200Z","100","4752","4752"
"103.79.96.177","elite","AS64308","ID","PT IndoDev Niaga Internet","186","PT IndoDev Niaga Internet","4153","socks4","4699","1","2023-11-14T00:06:40.902Z","100","4754","4767"
"181.115.36.148","elite","AS14754","HN","Telgua","144","SERCOM de Honduras","5678","socks4","4288","1","2023-11-14T00:06:38.505Z","94","4453","4713"
"177.136.212.56","elite","AS52685","BR","Conectnet Telecomunicações Ltda.","226","Conectnet Telecomunicações Ltda","4145","socks4","911","1","2023-11-14T00:06:37.195Z","56","2609","4650"
"103.88.135.76","elite","AS134942","IN","Ashok Secure Broadband Network Pvt Ltd","180","Ashok Secure Broadband Network Pvt Ltd","5678","socks4","5102","1","2023-11-14T00:06:36.298Z","99","4749","4820"
"94.228.253.51","elite","AS15672","RU","TZ-Telecom Address","101","JSC TZ-Telecom","4145","socks4","2998","91","2023-11-14T00:06:35.296Z","100","4621","4631"
"194.6.233.122","elite","AS33927","UA","Ukrmirkom LTD","51","Specavtomatica Ltd","3629","socks4","254","93","2023-11-14T00:06:35.197Z","99","4741","4800"
"180.210.222.161","elite","AS203363","US","Ipxo LLC","15","Ipxo","1080","socks4","4996","1","2023-11-14T00:06:35.812Z","31","1468","4767"
"185.162.229.215","elite","AS209242","GB","Cloudflare London, LLC","92","Softconstruct Limited","80","socks4","4792","3","2023-11-14T00:06:35.112Z","100","4818","4820"
"104.18.237.128","elite","AS13335","CA","Cloudflare, Inc.","90","Cloudflare, Inc.","80","socks4","921","1","2023-11-14T00:06:35.299Z","100","4745","4746"
"31.43.179.214","elite","AS209242","KZ","Cloudflare London, LLC","93","\"Betting company PM Bet\" LLC","80","socks4","2202","2","2023-11-14T00:06:35.206Z","100","4693","4693"
"190.152.12.54","elite","AS28006","EC","Corporacion Nacional De Telecomunicaciones - CNT EP","187","Corporacion Nacional De Telecomunicaciones - CNT EP","47017","socks4","1797","1","2023-11-14T00:06:35.900Z","98","4696","4770"
"103.199.158.97","elite","AS134318","IN","city broadband network pvt.ltd","196","N/A","41610","socks4","4387","1","2023-11-14T00:06:35.897Z","100","4679","4699"
"159.89.173.152","elite","AS14061","IN","DigitalOcean, LLC","202","DigitalOcean, LLC","49467","socks5","3003","1","2023-11-14T00:06:34.908Z","100","4718","4721"
"31.220.15.95","elite","AS63473","SE","HostHatch","93","HostHatch LLC","1080","socks5","2312","1","2023-11-14T00:06:34.915Z","56","2654","4771"
"36.255.104.9","elite","AS136238","MV","SatLink Pvt Ltd","191","N/A","1080","socks4","2704","3","2023-11-14T00:06:34.995Z","100","4776","4794"
"183.89.63.31","elite","AS45629","TH","Triple T Broadband Public Company Limited","178","Triple T Broadband Public Company Limited","8080","socks4","4000","1","2023-11-14T00:06:33.300Z","94","4485","4753"
"186.126.2.191","elite","AS7303","AR","Telecom Argentina S.A.","1129","Telecom Personal Bs","1080","socks4","2904","2","2023-11-14T00:06:33.399Z","41","1945","4737"
"201.251.155.253","elite","AS22927","AR","Telefonica de Argentina","280","Cooperativa Telefonica OYIKIL LTDA","5678","socks4","4894","1","2023-11-14T00:06:33.500Z","99","4500","4547"
"185.105.237.38","elite","AS212248","IR","Abolfazl-Shirdel","17","Amnpardaz Soft Corporation","1080","socks5","3694","2","2023-11-14T00:06:33.207Z","99","4649","4677"
"103.59.203.185","elite","AS134014","IN","NET 4 U SERVICES PVT LTD","145","NET 4 U Services PVT LTD","4145","socks4","4091","1","2023-11-14T00:06:32.507Z","99","4712","4737"
"88.119.204.62","elite","AS8764","LT","Telia Lietuva, AB","86","Telia Lietuva, AB","4153","socks4","4711","1","2023-11-14T00:06:32.504Z","100","4680","4682"